page_slug,section,block_id,field_label,source_key,current_text,proposed_text,notes
myheart,Product summary (hero),hero,App name,app_name,myHeart,,
myheart,Product summary (hero),hero,Supplier name,supplier_name,my mhealth Limited,,
myheart,Product summary (hero),hero,One-line value proposition,one_line_value_proposition,"NICE HTG764-recommended cardiac rehabilitation app from the makers of myCOPD — over 20,800 UK users, DTAC completed, with the Dorset County Hospital case study showing 70% CR uptake (surpassing the 2028 NHS target).",,
myheart,Product summary (hero),hero,Condition tags (JSON slugs),condition_tags,cardiac_rehab,,
myheart,Product summary (hero),hero,Condition tags (UI labels),condition_tags__display,Cardiac rehab,,Derived: Badges.tsx ConditionTag
myheart,Product summary (hero),hero,Maturity level (JSON),maturity_level,scaled,,
myheart,Product summary (hero),hero,Maturity (UI badge),maturity_level__display,Established,,Derived: MaturityBadge
myheart,Product summary (hero),hero,Supervision model (JSON),supervision_model,self_management_only,,
myheart,Product summary (hero),hero,Supervision (UI badge),supervision_model__display,Self-management,,Derived: SupervisionBadge
myheart,Why it matters locally,why_it_matters,Body,why_it_matters_locally,"myHeart has the largest documented NHS deployment among HTG764-recommended platforms, with over 20,800 UK users since 2018. The Dorset County Hospital case study demonstrated 70% CR uptake — surpassing the 2028 NHS Long-Term Plan target. Built on the my mhealth platform (which also powers myCOPD), it benefits from an established NHS relationship and DTAC completion.",,
myheart,Context of use,context_of_use,Target population,context_of_use.population,"Adults with heart failure, post-cardiac event, post-cardiac surgery",,
myheart,Context of use,context_of_use,Clinical pathways,context_of_use.pathways,"Cardiac rehabilitation, Home-based CR, Class-based CR adjunct",,
myheart,Context of use,context_of_use,Care settings,context_of_use.care_settings,"Home-based, Secondary care",,
myheart,Context of use,context_of_use,Therapeutic purpose,context_of_use.therapeutic_purpose,"Personalised exercise, 50+ educational videos, symptom tracking, activity diary, medication diary, ECG/ECHO tracking, psychosocial support, clinician remote monitoring",,
myheart,Context of use,context_of_use,HCP involvement,context_of_use.hcp_involvement,"Active — clinician app for remote monitoring, messaging, and patient management",,
myheart,Context of use,context_of_use,NICE scope,context_of_use.nice_scope,NICE HTG764 — conditionally recommended during 3-year evidence generation period,,
myheart,Scale and maturity,scale_maturity,Evidence strength (JSON),evidence_strength,moderate,,
myheart,Scale and maturity,scale_maturity,Evidence strength (UI badge),evidence_strength__display,Moderate,,Derived: EvidenceBadge
myheart,Scale and maturity,scale_maturity,Evidence overview,evidence_strength_rationale,"NICE identified one small UK three-way RCT and a 434-person real-world evaluation. Evidence supports NICE evidence generation, but the RCT is small, some evidence is observational/conference-based.",,
myheart,Scale and maturity,live_site_named_sites[0],Live site name,named_sites[0].name,Dorset County Hospital NHSFT,,
myheart,Scale and maturity,live_site_named_sites[0],Site status,named_sites[0].status,active,,
myheart,Scale and maturity,live_site_named_sites[1],Live site name,named_sites[1].name,Leeds Community Healthcare NHS Trust,,
myheart,Scale and maturity,live_site_named_sites[1],Site status,named_sites[1].status,active,,
myheart,Scale and maturity,live_site_named_sites[2],Live site name,named_sites[2].name,University Hospitals of Derby and Burton NHSFT,,
myheart,Scale and maturity,live_site_named_sites[2],Site status,named_sites[2].status,active,,
myheart,Scale and maturity,live_site_named_sites[3],Live site name,named_sites[3].name,Additional NHS secondary care cardiac rehabilitation services,,
myheart,Scale and maturity,live_site_named_sites[3],Site status,named_sites[3].status,active,,
myheart,Scale and maturity,scale_maturity,Population reach,patients_covered_note,"Over 20,800 myHeart users in the UK. In use since 2018/2019. 275,000+ rehabilitation/education sessions delivered in 2020 across the mymhealth platform.",,
myheart,What it takes locally,what_it_takes,Local effort (JSON),local_wraparound,medium,,
myheart,What it takes locally,what_it_takes,Local effort (UI badge),local_wraparound__display,Medium,,Derived: EffortBadge
myheart,What it takes locally,what_it_takes,Local effort detail,local_wraparound_detail,CR team integration and training required. Bluetooth devices for vital monitoring optional. Knowledge hub and implementation resources provided.,,
myheart,What it takes locally,what_it_takes,Onboarding model (raw JSON),onboarding_model,clinician_led,,
myheart,What it takes locally,what_it_takes,Onboarding model (UI: underscores → spaces),onboarding_model__display_hint,clinician led,,Rendered in WhatItTakesLocallySection
myheart,What it takes locally,what_it_takes,Onboarding detail,onboarding_detail,Onboarding integrated into existing CR pathway as a menu-of-choice option. Knowledge hub with resources available at knowledgehub.mymhealth.com.,,
myheart,What it takes locally,what_it_takes,Training (rendered line),training_composite,Required. CR team training required. Knowledge hub and free ebook available for CR teams.,,
myheart,What it takes locally,what_it_takes,Training required (JSON),training_required,true,,
myheart,What it takes locally,what_it_takes,Training note,training_note,CR team training required. Knowledge hub and free ebook available for CR teams.,,
myheart,What it takes locally,what_it_takes,Supplier wrap,supplier_wrap,"Patient app and clinician app. 50+ educational videos, personalised exercise, symptom trackers, activity diary, medication diary, ECG/ECHO tracking, psychosocial support. Clinician app enables remote monitoring of weight, symptoms, BP. Messaging to individuals, groups, or broadcast.",,
myheart,What it takes locally,what_it_takes,Service wrap (rendered block),service_wrap_block,"Included in offer. Knowledge hub, implementation resources and clinician app included.",,
myheart,What it takes locally,what_it_takes,Monitoring,monitoring_note,Non-continuous clinician review via clinician app. Remote monitoring of patient-entered vitals and activity. Not a 24/7 monitored service.,,
myheart,What it takes locally,what_it_takes,Escalation,escalation_note,Standard NHS escalation routes. Clinician app enables messaging to patients.,,
myheart,What it takes locally,what_it_takes,Operating hours caveat,operating_hours_caveat,Not a monitored emergency service. Clinician monitoring during standard working hours.,,
myheart,What it takes locally,what_it_takes,Prerequisite 1,implementation_prerequisites[0],"Smartphone, tablet, or smart TV with internet access",,
myheart,What it takes locally,what_it_takes,Prerequisite 2,implementation_prerequisites[1],CR team integration and training,,
myheart,What it takes locally,what_it_takes,Prerequisite 3,implementation_prerequisites[2],Bluetooth devices for vital monitoring (optional),,
myheart,What it takes locally,what_it_takes,Prerequisite 4,implementation_prerequisites[3],DTAC refresh confirmed,,
myheart,Expected impact and case studies,impact,Expected benefit (body),expected_benefit_note,"NICE EAG model found cost-saving vs conventional rehabilitation. 275,000+ CR/education sessions delivered in 2020. Demonstrated ability to surpass 2028 NHS CR uptake targets.",,
myheart,Expected impact and case studies,impact,Commissioner note (banner),ui_static:case_studies_banner,Commissioner note: Case studies are illustrative local reports and may not meet the same standard as peer-reviewed trials. Use alongside the Clinical evidence section.,,Static UI in ImpactAndCaseStudiesSection
myheart,Expected impact and case studies,case_study_0,Title,case_studies[0].title,UH Derby & Burton NHS FT evaluation,,
myheart,Expected impact and case studies,case_study_0,Setting,case_studies[0].setting,University Hospitals of Derby and Burton NHSFT,,
myheart,Expected impact and case studies,case_study_0,Outcome,case_studies[0].outcome,721 patients across 4 groups. Drop-out rates significantly lower with myHeart: Class+App 25.6% vs Class-only 58.2%; Home+App 42.6% vs Home-only 73.5%.,,
myheart,Expected impact and case studies,case_study_0,Caveat,case_studies[0].caveat,"Service evaluation, not a peer-reviewed RCT.",,
myheart,Expected impact and case studies,case_study_0,Source,case_studies[0].source,my mhealth evidence catalogue,,
myheart,Expected impact and case studies,case_study_1,Title,case_studies[1].title,Dorset County Hospital — achieving 2028 NHS targets,,
myheart,Expected impact and case studies,case_study_1,Setting,case_studies[1].setting,"Dorset County Hospital NHSFT (since 2017, early adopter)",,
myheart,Expected impact and case studies,case_study_1,Outcome,case_studies[1].outcome,"70% CR uptake achieved, surpassing the 2028 NHS Long-Term Plan target. Usage increased 23.7% during COVID-19.",,
myheart,Expected impact and case studies,case_study_1,Caveat,case_studies[1].caveat,Service evaluation. Single-site case study.,,
myheart,Expected impact and case studies,case_study_1,Source,case_studies[1].source,my mhealth case study,,
myheart,Clinical evidence,clinical_evidence,Summary paragraph,evidence_summary,"Large real-world evidence base: UH Derby & Burton evaluation (721 patients) showed significantly lower drop-out rates with myHeart vs without. COVID-19 multi-site evaluation (5 NHS services): 89.7% of users accessed CR videos, 99.7% within first 6 weeks. Dorset County Hospital: 70% CR uptake achieved, surpassing 2028 NHS target. CUOREMA Eurostars Grant (€2.5M) for international research collaboration. NICE identifies myHeart as one of four platforms with direct clinical evidence.",,
myheart,Clinical evidence,evidence_uh-derby-burton-eval,Group: Real-world / observational / service evaluation,_group:Real-world / observational / service evaluation,,,Study id: uh-derby-burton-eval
myheart,Clinical evidence,evidence_uh-derby-burton-eval,type,clinical_evidence_detailed[uh-derby-burton-eval].type,real_world,,
myheart,Clinical evidence,evidence_uh-derby-burton-eval,type label,clinical_evidence_detailed[uh-derby-burton-eval].type_label,Real-world evidence / service evaluation,,
myheart,Clinical evidence,evidence_uh-derby-burton-eval,ref,clinical_evidence_detailed[uh-derby-burton-eval].ref,UH Derby & Burton NHS FT evaluation,,
myheart,Clinical evidence,evidence_uh-derby-burton-eval,n,clinical_evidence_detailed[uh-derby-burton-eval].n,721,,
myheart,Clinical evidence,evidence_uh-derby-burton-eval,setting,clinical_evidence_detailed[uh-derby-burton-eval].setting,University Hospitals of Derby and Burton NHSFT,,
myheart,Clinical evidence,evidence_uh-derby-burton-eval,key results,clinical_evidence_detailed[uh-derby-burton-eval].key_results,721 patients across 4 groups. Drop-out rates significantly lower with myHeart: Class+App 25.6% vs Class-only 58.2%; Home+App 42.6% vs Home-only 73.5%.,,
myheart,Clinical evidence,evidence_uh-derby-burton-eval,study limitation,clinical_evidence_detailed[uh-derby-burton-eval].study_limitation,"Service evaluation, not a peer-reviewed RCT. No control for confounders beyond group allocation.",,
myheart,Clinical evidence,evidence_uh-derby-burton-eval,source label,clinical_evidence_detailed[uh-derby-burton-eval].source_label,my mhealth evidence catalogue,,
myheart,Clinical evidence,evidence_uh-derby-burton-eval,source url,clinical_evidence_detailed[uh-derby-burton-eval].source_url,https://mymhealth.com/studies,,
myheart,Clinical evidence,evidence_uh-derby-burton-eval,url full text,clinical_evidence_detailed[uh-derby-burton-eval].url_full_text,https://mymhealth.com/studies,,
myheart,Clinical evidence,evidence_uh-derby-burton-eval,peer reviewed,clinical_evidence_detailed[uh-derby-burton-eval].peer_reviewed,false,,
myheart,Clinical evidence,evidence_uh-derby-burton-eval,coi,clinical_evidence_detailed[uh-derby-burton-eval].coi,false,,
myheart,Clinical evidence,evidence_uh-derby-burton-eval,data quality flag,clinical_evidence_detailed[uh-derby-burton-eval].data_quality_flag,false,,
myheart,Clinical evidence,evidence_covid-multisite-eval,Group: Real-world / observational / service evaluation,_group:Real-world / observational / service evaluation,,,Study id: covid-multisite-eval
myheart,Clinical evidence,evidence_covid-multisite-eval,type,clinical_evidence_detailed[covid-multisite-eval].type,real_world,,
myheart,Clinical evidence,evidence_covid-multisite-eval,type label,clinical_evidence_detailed[covid-multisite-eval].type_label,Real-world evidence / multi-site service evaluation,,
myheart,Clinical evidence,evidence_covid-multisite-eval,ref,clinical_evidence_detailed[covid-multisite-eval].ref,COVID-19 multi-site evaluation (MMH-E092),,
myheart,Clinical evidence,evidence_covid-multisite-eval,year,clinical_evidence_detailed[covid-multisite-eval].year,2020,,
myheart,Clinical evidence,evidence_covid-multisite-eval,setting,clinical_evidence_detailed[covid-multisite-eval].setting,"5 NHS CR services, March–October 2020",,
myheart,Clinical evidence,evidence_covid-multisite-eval,key results,clinical_evidence_detailed[covid-multisite-eval].key_results,89.7% of users accessed CR videos; 99.7% within first 6 weeks. Demonstrated platform utility during COVID-19 disruption to face-to-face CR services.,,
myheart,Clinical evidence,evidence_covid-multisite-eval,study limitation,clinical_evidence_detailed[covid-multisite-eval].study_limitation,COVID-19 context — rapid adoption may not reflect steady-state engagement. Sample size not stated in dossier.,,
myheart,Clinical evidence,evidence_covid-multisite-eval,source label,clinical_evidence_detailed[covid-multisite-eval].source_label,my mhealth evidence catalogue (MMH-E092),,
myheart,Clinical evidence,evidence_covid-multisite-eval,source url,clinical_evidence_detailed[covid-multisite-eval].source_url,https://mymhealth.com/studies,,
myheart,Clinical evidence,evidence_covid-multisite-eval,url full text,clinical_evidence_detailed[covid-multisite-eval].url_full_text,https://mymhealth.com/studies,,
myheart,Clinical evidence,evidence_covid-multisite-eval,peer reviewed,clinical_evidence_detailed[covid-multisite-eval].peer_reviewed,false,,
myheart,Clinical evidence,evidence_covid-multisite-eval,coi,clinical_evidence_detailed[covid-multisite-eval].coi,false,,
myheart,Clinical evidence,evidence_covid-multisite-eval,data quality flag,clinical_evidence_detailed[covid-multisite-eval].data_quality_flag,false,,
myheart,Clinical evidence,evidence_dorset-county-case-study,Group: Real-world / observational / service evaluation,_group:Real-world / observational / service evaluation,,,Study id: dorset-county-case-study
myheart,Clinical evidence,evidence_dorset-county-case-study,type,clinical_evidence_detailed[dorset-county-case-study].type,service_eval,,
myheart,Clinical evidence,evidence_dorset-county-case-study,type label,clinical_evidence_detailed[dorset-county-case-study].type_label,Service evaluation / case study,,
myheart,Clinical evidence,evidence_dorset-county-case-study,ref,clinical_evidence_detailed[dorset-county-case-study].ref,Dorset County Hospital — achieving 2028 NHS targets,,
myheart,Clinical evidence,evidence_dorset-county-case-study,setting,clinical_evidence_detailed[dorset-county-case-study].setting,Dorset County Hospital NHSFT (since 2017 — early adopter),,
myheart,Clinical evidence,evidence_dorset-county-case-study,key results,clinical_evidence_detailed[dorset-county-case-study].key_results,"70% CR uptake achieved, surpassing the 2028 NHS Long-Term Plan target. Usage increased 23.7% during COVID-19.",,
myheart,Clinical evidence,evidence_dorset-county-case-study,study limitation,clinical_evidence_detailed[dorset-county-case-study].study_limitation,Service evaluation. Single-site case study at an early-adopter site — results may not be generalisable to all NHS settings.,,
myheart,Clinical evidence,evidence_dorset-county-case-study,source label,clinical_evidence_detailed[dorset-county-case-study].source_label,my mhealth case study,,
myheart,Clinical evidence,evidence_dorset-county-case-study,source url,clinical_evidence_detailed[dorset-county-case-study].source_url,https://mymhealth.com/myheart/cardiac-rehabilitation,,
myheart,Clinical evidence,evidence_dorset-county-case-study,url case study,clinical_evidence_detailed[dorset-county-case-study].url_case_study,https://mymhealth.com/myheart/cardiac-rehabilitation,,
myheart,Clinical evidence,evidence_dorset-county-case-study,peer reviewed,clinical_evidence_detailed[dorset-county-case-study].peer_reviewed,false,,
myheart,Clinical evidence,evidence_dorset-county-case-study,coi,clinical_evidence_detailed[dorset-county-case-study].coi,false,,
myheart,Clinical evidence,evidence_dorset-county-case-study,data quality flag,clinical_evidence_detailed[dorset-county-case-study].data_quality_flag,false,,
myheart,Clinical evidence,evidence_leeds-covid-adoption,Group: Real-world / observational / service evaluation,_group:Real-world / observational / service evaluation,,,Study id: leeds-covid-adoption
myheart,Clinical evidence,evidence_leeds-covid-adoption,type,clinical_evidence_detailed[leeds-covid-adoption].type,service_eval,,
myheart,Clinical evidence,evidence_leeds-covid-adoption,type label,clinical_evidence_detailed[leeds-covid-adoption].type_label,Service evaluation / case study,,
myheart,Clinical evidence,evidence_leeds-covid-adoption,ref,clinical_evidence_detailed[leeds-covid-adoption].ref,Leeds Community Healthcare NHS Trust — COVID-19 adoption,,
myheart,Clinical evidence,evidence_leeds-covid-adoption,year,clinical_evidence_detailed[leeds-covid-adoption].year,2020,,
myheart,Clinical evidence,evidence_leeds-covid-adoption,setting,clinical_evidence_detailed[leeds-covid-adoption].setting,Leeds Community Healthcare NHS Trust (since 2020),,
myheart,Clinical evidence,evidence_leeds-covid-adoption,key results,clinical_evidence_detailed[leeds-covid-adoption].key_results,myHeart adopted during COVID-19 as a digital CR option. Part of multi-site COVID-19 adoption across NHS CR services.,,
myheart,Clinical evidence,evidence_leeds-covid-adoption,study limitation,clinical_evidence_detailed[leeds-covid-adoption].study_limitation,Case study level — detailed outcome data for Leeds specifically not provided in dossier.,,
myheart,Clinical evidence,evidence_leeds-covid-adoption,source label,clinical_evidence_detailed[leeds-covid-adoption].source_label,my mhealth evidence catalogue,,
myheart,Clinical evidence,evidence_leeds-covid-adoption,source url,clinical_evidence_detailed[leeds-covid-adoption].source_url,https://mymhealth.com/studies,,
myheart,Clinical evidence,evidence_leeds-covid-adoption,url full text,clinical_evidence_detailed[leeds-covid-adoption].url_full_text,https://mymhealth.com/studies,,
myheart,Clinical evidence,evidence_leeds-covid-adoption,peer reviewed,clinical_evidence_detailed[leeds-covid-adoption].peer_reviewed,false,,
myheart,Clinical evidence,evidence_leeds-covid-adoption,coi,clinical_evidence_detailed[leeds-covid-adoption].coi,false,,
myheart,Clinical evidence,evidence_leeds-covid-adoption,data quality flag,clinical_evidence_detailed[leeds-covid-adoption].data_quality_flag,false,,
myheart,Clinical evidence,evidence_bacpr-2023-poster,Group: NICE / implementation / grey literature / evidence gap,_group:NICE / implementation / grey literature / evidence gap,,,Study id: bacpr-2023-poster
myheart,Clinical evidence,evidence_bacpr-2023-poster,type,clinical_evidence_detailed[bacpr-2023-poster].type,grey_lit,,
myheart,Clinical evidence,evidence_bacpr-2023-poster,type label,clinical_evidence_detailed[bacpr-2023-poster].type_label,Conference poster presentation,,
myheart,Clinical evidence,evidence_bacpr-2023-poster,ref,clinical_evidence_detailed[bacpr-2023-poster].ref,BACPR Annual Conference 2023 — psychological outcomes poster,,
myheart,Clinical evidence,evidence_bacpr-2023-poster,year,clinical_evidence_detailed[bacpr-2023-poster].year,2023,,
myheart,Clinical evidence,evidence_bacpr-2023-poster,setting,clinical_evidence_detailed[bacpr-2023-poster].setting,BACPR Annual Conference 2023,,
myheart,Clinical evidence,evidence_bacpr-2023-poster,key results,clinical_evidence_detailed[bacpr-2023-poster].key_results,Poster presentation on psychological outcomes associated with myHeart use in cardiac rehabilitation.,,
myheart,Clinical evidence,evidence_bacpr-2023-poster,study limitation,clinical_evidence_detailed[bacpr-2023-poster].study_limitation,Conference poster — not a full peer-reviewed publication. Detailed results not available in dossier.,,
myheart,Clinical evidence,evidence_bacpr-2023-poster,peer reviewed,clinical_evidence_detailed[bacpr-2023-poster].peer_reviewed,false,,
myheart,Clinical evidence,evidence_bacpr-2023-poster,data quality flag,clinical_evidence_detailed[bacpr-2023-poster].data_quality_flag,false,,
myheart,Clinical evidence,evidence_cuorema-eurostars-grant,Group: NICE / implementation / grey literature / evidence gap,_group:NICE / implementation / grey literature / evidence gap,,,Study id: cuorema-eurostars-grant
myheart,Clinical evidence,evidence_cuorema-eurostars-grant,type,clinical_evidence_detailed[cuorema-eurostars-grant].type,grey_lit,,
myheart,Clinical evidence,evidence_cuorema-eurostars-grant,type label,clinical_evidence_detailed[cuorema-eurostars-grant].type_label,Research grant / international collaboration,,
myheart,Clinical evidence,evidence_cuorema-eurostars-grant,ref,clinical_evidence_detailed[cuorema-eurostars-grant].ref,CUOREMA Eurostars Grant (€2.5M),,
myheart,Clinical evidence,evidence_cuorema-eurostars-grant,setting,clinical_evidence_detailed[cuorema-eurostars-grant].setting,International collaboration — Swiss and Dutch partners,,
myheart,Clinical evidence,evidence_cuorema-eurostars-grant,key results,clinical_evidence_detailed[cuorema-eurostars-grant].key_results,"€2.5M Eurostars grant for biofeedback, AI algorithms, and gamification in cardiac rehabilitation. International collaboration with Swiss and Dutch research partners.",,
myheart,Clinical evidence,evidence_cuorema-eurostars-grant,study limitation,clinical_evidence_detailed[cuorema-eurostars-grant].study_limitation,Research grant — results pending. Not yet published evidence.,,
myheart,Clinical evidence,evidence_cuorema-eurostars-grant,source label,clinical_evidence_detailed[cuorema-eurostars-grant].source_label,my mhealth Eurostars announcement,,
myheart,Clinical evidence,evidence_cuorema-eurostars-grant,peer reviewed,clinical_evidence_detailed[cuorema-eurostars-grant].peer_reviewed,false,,
myheart,Clinical evidence,evidence_cuorema-eurostars-grant,coi,clinical_evidence_detailed[cuorema-eurostars-grant].coi,false,,
myheart,Clinical evidence,evidence_cuorema-eurostars-grant,data quality flag,clinical_evidence_detailed[cuorema-eurostars-grant].data_quality_flag,false,,
myheart,Clinical evidence,evidence_nice-htg764-myheart,Group: NICE / implementation / grey literature / evidence gap,_group:NICE / implementation / grey literature / evidence gap,,,Study id: nice-htg764-myheart
myheart,Clinical evidence,evidence_nice-htg764-myheart,type,clinical_evidence_detailed[nice-htg764-myheart].type,nice_assessment,,
myheart,Clinical evidence,evidence_nice-htg764-myheart,type label,clinical_evidence_detailed[nice-htg764-myheart].type_label,NICE EVA technology assessment,,
myheart,Clinical evidence,evidence_nice-htg764-myheart,ref,clinical_evidence_detailed[nice-htg764-myheart].ref,NICE EVA HTG764 — myHeart assessment,,
myheart,Clinical evidence,evidence_nice-htg764-myheart,authors,clinical_evidence_detailed[nice-htg764-myheart].authors,NICE External Assessment Group,,
myheart,Clinical evidence,evidence_nice-htg764-myheart,year,clinical_evidence_detailed[nice-htg764-myheart].year,2025,,
myheart,Clinical evidence,evidence_nice-htg764-myheart,month,clinical_evidence_detailed[nice-htg764-myheart].month,December,,
myheart,Clinical evidence,evidence_nice-htg764-myheart,setting,clinical_evidence_detailed[nice-htg764-myheart].setting,England — NICE health technology guidance,,
myheart,Clinical evidence,evidence_nice-htg764-myheart,key results,clinical_evidence_detailed[nice-htg764-myheart].key_results,"Conditionally recommended. myHeart assessed in two studies including one RCT. NICE identifies it as one of four platforms with direct clinical evidence suggesting potential reduction in secondary CV event risk. Over 20,800 UK users since 2018/2019.",,
myheart,Clinical evidence,evidence_nice-htg764-myheart,study limitation,clinical_evidence_detailed[nice-htg764-myheart].study_limitation,Recommendation conditional on 3-year evidence generation period.,,
myheart,Clinical evidence,evidence_nice-htg764-myheart,url full text,clinical_evidence_detailed[nice-htg764-myheart].url_full_text,https://www.nice.org.uk/guidance/htg764,,
myheart,Clinical evidence,evidence_nice-htg764-myheart,peer reviewed,clinical_evidence_detailed[nice-htg764-myheart].peer_reviewed,true,,
myheart,Clinical evidence,evidence_nice-htg764-myheart,coi,clinical_evidence_detailed[nice-htg764-myheart].coi,false,,
myheart,Clinical evidence,evidence_nice-htg764-myheart,data quality flag,clinical_evidence_detailed[nice-htg764-myheart].data_quality_flag,false,,
myheart,Clinical evidence,evidence_myheart-nice-eag-economics,Group: NICE / implementation / grey literature / evidence gap,_group:NICE / implementation / grey literature / evidence gap,,,Study id: myheart-nice-eag-economics
myheart,Clinical evidence,evidence_myheart-nice-eag-economics,type,clinical_evidence_detailed[myheart-nice-eag-economics].type,nice_assessment,,
myheart,Clinical evidence,evidence_myheart-nice-eag-economics,type label,clinical_evidence_detailed[myheart-nice-eag-economics].type_label,NICE EAG health economics assessment,,
myheart,Clinical evidence,evidence_myheart-nice-eag-economics,ref,clinical_evidence_detailed[myheart-nice-eag-economics].ref,NICE EAG economic model — cardiac rehabilitation platforms,,
myheart,Clinical evidence,evidence_myheart-nice-eag-economics,authors,clinical_evidence_detailed[myheart-nice-eag-economics].authors,NICE External Assessment Group,,
myheart,Clinical evidence,evidence_myheart-nice-eag-economics,year,clinical_evidence_detailed[myheart-nice-eag-economics].year,2025,,
myheart,Clinical evidence,evidence_myheart-nice-eag-economics,month,clinical_evidence_detailed[myheart-nice-eag-economics].month,December,,
myheart,Clinical evidence,evidence_myheart-nice-eag-economics,setting,clinical_evidence_detailed[myheart-nice-eag-economics].setting,England — health economics model,,
myheart,Clinical evidence,evidence_myheart-nice-eag-economics,key results,clinical_evidence_detailed[myheart-nice-eag-economics].key_results,"EAG model found digital cardiac rehabilitation platforms (including myHeart) cost-saving compared with conventional rehabilitation. 275,000+ rehabilitation/education sessions delivered in 2020 across the mymhealth platform.",,
myheart,Clinical evidence,evidence_myheart-nice-eag-economics,study limitation,clinical_evidence_detailed[myheart-nice-eag-economics].study_limitation,"Generic model across all HTG764 platforms. Session count is platform-wide (includes myCOPD and other products), not myHeart-specific.",,
myheart,Clinical evidence,evidence_myheart-nice-eag-economics,data quality note,clinical_evidence_detailed[myheart-nice-eag-economics].data_quality_note,"275,000+ sessions figure is across the full mymhealth platform, not myHeart-specific. Do not cite as myHeart-only activity.",,
myheart,Clinical evidence,evidence_myheart-nice-eag-economics,url full text,clinical_evidence_detailed[myheart-nice-eag-economics].url_full_text,https://www.nice.org.uk/guidance/htg764,,
myheart,Clinical evidence,evidence_myheart-nice-eag-economics,peer reviewed,clinical_evidence_detailed[myheart-nice-eag-economics].peer_reviewed,true,,
myheart,Clinical evidence,evidence_myheart-nice-eag-economics,coi,clinical_evidence_detailed[myheart-nice-eag-economics].coi,false,,
myheart,Clinical evidence,evidence_myheart-nice-eag-economics,data quality flag,clinical_evidence_detailed[myheart-nice-eag-economics].data_quality_flag,true,,
myheart,NICE guidance,nice_ref_0,Reference title,nice_guidance_refs[0].ref,NICE HTG764,,
myheart,NICE guidance,nice_ref_0,Date,nice_guidance_refs[0].date,December 2025,,
myheart,NICE guidance,nice_ref_0,Note,nice_guidance_refs[0].note,Conditionally recommended — one of four platforms with direct clinical evidence,,
myheart,NICE guidance,nice_ref_0,URL,nice_guidance_refs[0].url,https://www.nice.org.uk/guidance/htg764,,
myheart,NICE guidance,nice_ref_0,Type (badge),nice_guidance_refs[0].type,EVA,,
myheart,Demo access,demo,Demo notes,demo_notes,Contact my mhealth Limited for a demonstration. Free ebook for CR teams available.,,
myheart,Demo access,demo,Link label 1,demo_variants[0].label,myHeart product page,,
myheart,Demo access,demo,URL 1,demo_variants[0].url,https://mymhealth.com/myheart,,
myheart,Demo access,demo,Link label 2,demo_variants[1].label,Knowledge hub,,
myheart,Demo access,demo,URL 2,demo_variants[1].url,https://knowledgehub.mymhealth.com,,
myheart,NHS and care system integrations,integrations_table,FHIR,technical_integrations.fhir,Check with supplier,,
myheart,NHS and care system integrations,integrations_table,EMIS,technical_integrations.emis,Check with supplier,,
myheart,NHS and care system integrations,integrations_table,NHS Login (table),nhs_login_integration_display,Yes,,
myheart,NHS and care system integrations,integrations_table,NHS Notify (table),nhs_notify_integration_display,Yes,,
myheart,NHS and care system integrations,integrations_table,Population health dashboard,technical_integrations.population_health_dashboard,Yes,,
myheart,NHS and care system integrations,integrations_table,Device integration,technical_integrations.device_integration,Connects to Bluetooth devices (blood pressure monitors). Patient app and clinician app.,,
myheart,NHS and care system integrations,integrations_table,Languages,technical_integrations.languages,English,,
myheart,NHS and care system integrations,integrations_table,Data hosting,technical_integrations.data_hosting,Confirm with my mhealth Limited,,
myheart,NHS and care system integrations,integrations_table,NHS App integration (JSON),nhs_app_integration,false,,
myheart,NHS and care system integrations,integrations_table,Interop snapshot: show NHS App,interop_snapshot_show_nhs_app,,,
myheart,Commissioning snapshot (card inputs),snapshot,live_icbs (compare/snippets),live_icbs,5,,Not rendered in Scale section on PDP
myheart,Commissioning snapshot (card inputs),snapshot,linked_funding_ids,linked_funding_ids,health-innovation-network,,
myheart,Commissioning snapshot (card inputs),snapshot,funding_ids (legacy),funding_ids,(none),,
myheart,Commercial model and cost,commercial,Pricing model,pricing_model,Local licence,,
myheart,Commercial model and cost,commercial,National price,national_price_available,Not available,,
myheart,Commercial model and cost,commercial,Indicative price (+ confidence subline),indicative_price_text,"From the same supplier family as myCOPD; cardiac rehab modules are typically quoted as population or per-patient licences. Illustrative range when benchmarked with similar my mhealth deployments: £45–£95 per patient per year depending on modules and volume — confirm with my mhealth Limited.

Pricing confidence: Indicative",,
myheart,Commercial model and cost,commercial,Service wrap included,service_wrap_included,Yes,,
myheart,Commercial model and cost,commercial,Service wrap details,service_wrap_detail,"Knowledge hub, implementation resources, patient app and clinician remote monitoring app are included in standard commercial proposals; EPR integration or enhanced analytics may be extra.",,
myheart,Commercial model and cost,commercial,Procurement / contract notes,procurement_notes,Contact my mhealth Limited. Same company as myCOPD — existing NHS relationships may facilitate procurement.,,
myheart,Commercial model and cost,commercial,Monitoring / ongoing service model,monitoring_model,"Clinician app provides remote monitoring of weight, symptoms, blood pressure. Individual patient management with targets, risk factors, ECHO/ECG review. Activity Diary tracks all online/offline activity.",,
myheart,Indicative financial context,financial,Expected benefit,expected_benefit_note,"NICE EAG model found cost-saving vs conventional rehabilitation. 275,000+ CR/education sessions delivered in 2020. Demonstrated ability to surpass 2028 NHS CR uptake targets.",,
myheart,Indicative financial context,financial,Tariff considerations,tariff_considerations,Model using CR service delivery costs. Potential to dramatically increase CR uptake towards NHS Long-Term Plan targets.,,
myheart,Indicative financial context,financial,Provider income impact,provider_income_note,Higher digital uptake may change the mix of centre-based vs remote CR; align payment mechanisms so trusts are not disincentivised to refer.,,
myheart,Indicative financial context,financial,ROI note,roi_note,NICE EAG model found cost-saving vs conventional rehabilitation. Key ROI driver is increasing CR uptake without proportional increase in staffing costs.,,
myheart,Indicative financial context,financial,Minimum conditions for success,minimum_conditions_for_success,"Established CR service pathway, CR team trained on platform, minimum 200 patient cohort for meaningful outcome data.",,
myheart,Indicative financial context,financial,Directional disclaimer (callout),ui_static:indicative_financial_disclaimer,"These are directional indicators only. Local finance modelling using actual baseline activity, population size and pathway design is required before any business case submission.",,Static UI below tariff section
myheart,Related funding opportunities,funding_health-innovation-network,Title,funding[health-innovation-network].title,Health Innovation Network adoption support,,
myheart,Related funding opportunities,funding_health-innovation-network,Description,funding[health-innovation-network].description,Regional teams across England support adoption of NICE-endorsed innovations. Contact your local Health Innovation Network for implementation support and to ask whether any adoption funding or facilitation is available for your system.,,
myheart,Related funding opportunities,funding_health-innovation-network,Status,funding[health-innovation-network].status,open,,
myheart,Related funding opportunities,funding_health-innovation-network,Value,funding[health-innovation-network].total_value,£1m,,
myheart,Related funding opportunities,funding_health-innovation-network,External URL,funding[health-innovation-network].external_url,https://www.nhsx.nhs.uk,,
myheart,Express interest callout,express_interest,Body (rendered),express_interest_body_rendered,Contact my mhealth NHS team to discuss deployment in your ICB.,,Rendered in page.tsx
myheart,Express interest callout,express_interest,Heading (static),ui_static:express_interest_heading,Express interest,,
myheart,Sidebar — Quick facts,quick_facts,Maturity (JSON),sidebar.maturity_level,scaled,,Repeated in Quick facts card
myheart,Sidebar — Quick facts,quick_facts,Maturity (UI badge),sidebar.maturity_level__display,Established,,Derived: MaturityBadge
myheart,Sidebar — Quick facts,quick_facts,Local effort (JSON),sidebar.local_wraparound,medium,,
myheart,Sidebar — Quick facts,quick_facts,Local effort (UI badge),sidebar.local_wraparound__display,Medium,,Derived: EffortBadge
myheart,Sidebar — Quick facts,quick_facts,Device class,device_class,Class I SaMD,,
myheart,Sidebar — Quick facts,quick_facts,Device class explainer — summary,ui_static:device_class_summary,What is a Class I device,,
myheart,Sidebar — Quick facts,quick_facts,Device class explainer — body,ui_static:device_class_body,"Software that supports clinical decisions but doesn't directly drive them: for example, a tool that records or displays patient data. It's low-risk, so manufacturer can self-certify compliance. No UK approved body assessment is required, though MHRA registration and technical documentation are still mandatory.",,
myheart,Sidebar — Quick facts,quick_facts,Supervision model (JSON),sidebar.supervision_model,self_management_only,,
myheart,Sidebar — Quick facts,quick_facts,Supervision (UI badge),sidebar.supervision_model__display,Self-management,,Derived: SupervisionBadge
myheart,Sidebar — Quick facts,quick_facts,Target patients,target_patients,"Adults with heart failure, post-cardiac event, or post-cardiac surgery requiring cardiac rehabilitation.",,
myheart,Sidebar — Assurance,assurance,DTAC (JSON),dtac_status,passed_refresh_required,,
myheart,Sidebar — Assurance,assurance,DTAC (UI badge),dtac_status__display,Completed – refresh required,,Derived: DtacBadge
myheart,Sidebar — Assurance,assurance,DTAC note,dtac_note,my mhealth platform centrally DTAC assessed and completed. Refresh required. QISMET accredited.,,
myheart,Sidebar — Assurance,assurance,DCB0129,dcb0129_status,Covered by mymhealth platform,,
myheart,Sidebar — Assurance,assurance,GDPR (first sentence in UI),gdpr_note,Confirm data hosting and DPA terms with my mhealth Limited,,
myheart,Sidebar — Assurance,assurance,GDPR (full JSON),gdpr_note_full,Confirm data hosting and DPA terms with my mhealth Limited.,,
myheart,Sidebar — Assurance,assurance,ISO 27001,iso27001,Check with supplier,,
myheart,Sidebar — Assurance,assurance,Cyber Essentials,cyber_essentials,Check with supplier,,
myheart,Sidebar — Assurance,assurance,DSP Toolkit,dspt_status,Covered by mymhealth platform,,
myheart,Sidebar — Assurance,assurance,Cyber notes,cyber_notes,"DTAC completed, QISMET accredited. Confirm current security certifications with my mhealth.",,
myheart,Sidebar — Supplier contact,supplier_contact,Contact email,supplier_contact_email,nhs@mymhealth.com,,
myheart,Sidebar — Sources,sources,Source summary,source_summary,"NICE HTG764, UH Derby & Burton evaluation, Dorset County Hospital case study, mymhealth.com/studies, CUOREMA Eurostars announcement.",,
myheart,Sidebar — Sources,sources,Confidence note,confidence_note,myHeart has the largest documented NHS deployment among HTG764 platforms. DTAC completed (refresh required). Verify current assurance and pricing with my mhealth before procurement.,,
myheart,Alerts and notices,alerts,DTAC refresh,dtac_note_refresh,my mhealth platform centrally DTAC assessed and completed. Refresh required. QISMET accredited.,,
